{
    "Manhattan": [
        "All Downtown",
        "All Midtown",
        "All Upper East Side",
        "All Upper Manhattan",
        "All Upper West Side"
    ],
    "All Downtown": [
        "Alphabet City",
        "Battery Park",       
        "Chelsea",
        "Chinatown",
        "Civic Center",
        "East Village",
        "Financial District",
        "Flatiron",
        "Gramercy",
        "Greenwich Village",
        "Hudson Square",
        "Little Italy",
        "Lower East Side",
        "NoHo",
        "NoLIta",
        "NoMad",
        "SoHo",
        "South Street Seaport",
        "Stuyvesant Town PCV",
        "TriBeCa",
        "West Village"
    ],
    "All Midtown": [
        "Beekman",
        "Central Park South",
        "Garment District",
        "Hells Kitchen",
        "Hudson Yards",
        "Kips Bay",
        "Midtown Central",
        "Midtown South",
        "Murray Hill",
        "Roosevelt Island",
        "Sutton",
        "Theater District",
        "Tudor City",
        "Turtle Bay"
    ],
    "All Upper East Side": [
        "Carnegie Hill",
        "Lenox Hill",
        "Upper Carnegie Hill",
        "Upper East Side",
        "Yorkville"
    ],
    "All Upper Manhattan": [
        "East Harlem",
        "Fort George",
        "Hamilton Heights",
        "Harlem",
        "Hudson Heights",
        "Inwood",
        "Manhattanville",
        "Morningside Heights",
        "Washington Heights"
    ],
    "All Upper West Side": [
        "Lincoln Square",
        "Manhattan Valley",
        "Upper West Side"
    ],
    "Brooklyn": [
        "Central Brooklyn",
        "Eastern Brooklyn",
        "Northern Brooklyn",
        "Southern Brooklyn",
        "Western Brooklyn"
    ],
    "Central Brooklyn": [
        "Crown Heights",
        "Ditmas Park",
        "Flatbush",
        "Kensington / Ocean Pkwy",
        "Midwood",
        "Northeast Flatbush",
        "Prospect Lefferts",
        "Prospect Park South"
    ],
    "Eastern Brooklyn": [
        "Brownsville",
        "Canarsie",
        "City Line",
        "East New York",
        "New Lots",
        "Starrett City"
    ],
    "Northern Brooklyn": [
        "Bed Stuy",
        "Boerum Hill",
        "Brooklyn Heights",
        "Bushwick",
        "Carroll Gardens",
        "Clinton Hill",
        "Cobble Hill",
        "Columbia St. Waterfront",
        "DUMBO / Vinegar Hill",
        "Downtown Brooklyn",
        "East Willamsburg",
        "Fort Greene",
        "Gowanus",
        "Greenpoint",
        "Greenwood",
        "Ocean Hill",
        "Park Slope",
        "Prospect Heights",
        "Red Hook",
        "Stuyvesant Heights",
        "Williamsburg",
        "Windsor Terrace"
    ],
    "Southern Brooklyn": [
        "Bergen Beach",
        "Brighton Beach",
        "Coney Island",
        "Flatlands",
        "Gerristen Beach",
        "Gravesend",
        "Manhattan Beach",
        "Marine Park/Mill Basin",
        "Mill Basin",
        "Ocean Parkway South",
        "Old Mill Basin",
        "Seagate",
        "Sheepshead Bay"
    ],
    "Western Brooklyn": [
        "Bath Beach",
        "Bay Ridge",
        "Bensonhurst",
        "Borough Park",
        "Dyker Heights",
        "Fort Hamilton",
        "Mapleton",
        "Sunset Park"
    ],
    "Queens": [
        "Central Queens",
        "Northeastern Queens",
        "Northwestern Queens",
        "Southeastern Queens",
        "Southwestern Queens"
    ],
    "Central Queens": [
        "Corona",
        "East Elmhurst",
        "Elmhurst",
        "Forest Hills",
        "Glendale",
        "Jackson Heights",
        "Kew Gardens",
        "Maspeth",
        "Middle Village",
        "North Corona",
        "Rego Park",
        "Ridgewood",
        "Woodhaven",
        "Woodside"
    ],
    "Northeastern Queens": [
        "Auburndale",
        "Bay Terrace",
        "Bayside",
        "Bellerose Manor",
        "Clearview",
        "College Point",
        "Douglaston",
        "Flushing",
        "Fresh Meadows",
        "Glen Oaks",
        "Hillcrest",
        "Kew Gardens Hills",
        "Little Neck",
        "Oakland Gardens",
        "Pomonok",
        "Utopia",
        "Whitestone"
    ],
    "Northwestern Queens": [
        "Astoria",
        "Ditmars-Steinway",
        "Hunters Point",
        "Long Island City",
        "Sunnyside"
    ],
    "Southeastern Queens": [
        "Briarwood",
        "Cambria Heights",
        "Hollis",
        "Jamaica",
        "Jamaica Estates",
        "Jamaica Hills",
        "Laurelton",
        "Queens Village",
        "Rosedale",
        "South Jamaica",
        "Springfield Gardens",
        "St. Albans"
    ],
    "Southwestern Queens": [
        "Howard Beach",
        "Lindenwood",
        "Ozone Park",
        "Richmond Hill",
        "Rockaway",
        "Rockwood Park",
        "South Ozone Park",
        "South Richmond Hill"
    ],
    "Bronx": [
        "Eastern Bronx",
        "Northern Bronx",
        "Southern Bronx",
        "Western Bronx"
    ],
    "Eastern Bronx": [
        "Baychester",
        "Bronxwood",
        "City Island",
        "Co-op City",
        "Country Club",
        "Eastchester",
        "Edenwald",
        "Laconia",
        "Morris Park",
        "Parkchester",
        "Pelham Bay",
        "Pelham Gardens",
        "Pelham Parkway",
        "Schuylerville",
        "Van Nest",
        "Wakefield",
        "Westchester Square",
        "Westchester Village",
        "Williamsbridge"
    ],
    "Northern Bronx": [
        "Bedford Park",
        "Fieldston",
        "Kingsbridge",
        "Kingsbridge Heights",
        "Marble Hill",
        "Norwood",
        "Riverdale",
        "Spuyten Duyvil",
        "Van Cortlandt Park",
        "Woodlawn"
    ],
    "Southern Bronx": [
        "Castle Hill",
        "Hunts Point",
        "Locus Point",
        "Port Morris",
        "Rikers Island",
        "Soundview",
        "Throggs Neck"
    ],
    "Western Bronx": [
        "Belmont",
        "Claremont",
        "Concourse",
        "Crotona Park East",
        "East Tremont",
        "Fordham",
        "Highbridge",
        "Longwood",
        "Melrose",
        "Morris Heights",
        "Morrisania",
        "Mott Heaven",
        "Mt Hope",
        "North New York",
        "Tremont",
        "University Heights",
        "West Farms",
        "Woodstock"
    ]
}